<?xml version="1.0" encoding="utf-8"?>
<extension type="component" version="3.1" method="upgrade">
	<name>com_categories</name>
	<author>Joomla! Project</author>
	<creationDate>December 2007</creationDate>
	<copyright>(C) 2005 - 2018 Open Source Matters. All rights reserved.</copyright>
	<license>GNU General Public License version 2 or later; see LICENSE.txt</license>
	<authorEmail>admin@joomla.org</authorEmail>
	<authorUrl>www.joomla.org</authorUrl>
	<version>3.0.0</version>
	<description>COM_CATEGORIES_XML_DESCRIPTION</description>
	<namespace>Joomla\Component\Categories</namespace>
	<administration>
		<files folder="admin">
			<filename>categories.xml</filename>
			<filename>dispatcher.php</filename>
			<folder>Controller</folder>
			<folder>Helper</folder>
			<folder>helpers</folder>
			<folder>Model</folder>
			<folder>models</folder>
			<folder>Table</folder>
			<folder>View</folder>
			<folder>views</folder>
		</files>
		<languages folder="admin">
			<language tag="en-GB">language/en-GB.com_categories.ini</language>
			<language tag="en-GB">language/en-GB.com_categories.sys.ini</language>
		</languages>
	</administration>
</extension>
